{
    "name"          : "[COLOR gold]Elementum Fallback (by gbchr)[/COLOR]",
	"api_language"  : "pt-BR",
    "plugin"        : "plugin.video.elementum",
    "priority"      : 200,
    "is_resolvable" : "true",

	"assert": {
        "play_movie":       ["clearname", "year"],
        "play_episode":     ["clearname", "season"]
    },

    "play_movie"    : "plugin://plugin.video.elementum/search?q={clearname_url}+{year}",
	"play_episode"    : "plugin://plugin.video.elementum/search?q={clearname_url}+{season}+temporada"
}
