{
    "name": "[COLOR FF08A4A7]Torrest Fallback (by gbchr)[/COLOR]",
	"api_language": "pt-BR",
    "plugin": "plugin.video.torrest",
    "priority": 200,
    "is_resolvable": "true",
    
    "assert": {
        "play_movie":       ["clearname", "year"],
        "play_episode":     ["clearname", "season"]
    },
    
    "play_movie" : "plugin://plugin.video.flix/providers/play_query?query={clearname_url}+{year}",
    "play_episode" : "plugin://plugin.video.flix/providers/play_query?query={clearname_url}+{season}+temporada"
}