<?xml version="1.0" encoding="UTF-8" standalone="yes"?>
<addon id="repository.addon-rajada" name="Repositório Rajada" version="1.0" provider-name="gbchr">
    <extension point="xbmc.addon.repository" name="Repositório Rajada">
        <dir>
            <info compressed="false">https://raw.githubusercontent.com/addon-rajada/addon-rajada.github.io/main/zips/addons.xml</info>
            <checksum>https://raw.githubusercontent.com/addon-rajada/addon-rajada.github.io/main/zips/addons.xml.md5</checksum>
            <datadir zip="true">https://raw.githubusercontent.com/addon-rajada/addon-rajada.github.io/main/zips/</datadir>
        </dir>
    </extension>
    <extension point="xbmc.addon.metadata">
        <summary>Repositório Rajada</summary>
        <description>Repositório Rajada</description>
        <disclaimer></disclaimer>
        <platform>all</platform>
        <assets>
            <icon>icon.png</icon>
            <fanart>fanart.jpg</fanart>
        </assets>
    </extension>
</addon>