<?xml version="1.0" encoding="UTF-8"?>
<addon id="script.module.cached" name="Cached" provider-name="i96751414" version="0.0.4">
    <requires>
        <!--<import addon="xbmc.python" version="3.0.0"/>-->
    </requires>
    <extension point="xbmc.python.module" library="lib"/>
    <extension point="xbmc.addon.metadata">
        <platform>all</platform>
        <license>See https://github.com/i96751414/script.module.cached/blob/master/LICENSE</license>
        <source>https://github.com/i96751414/script.module.cached</source>
        <language>en</language>
        <summary lang="en">Cached - A simple cache implementation for Kodi</summary>
        <description lang="en">Cached is a Kodi python module which provide some simple caching functions.</description>
        <platform>all</platform>
        <news>
            - Add support to Kodi 20
        </news>
        <assets>
            <icon>icon.png</icon>
        </assets>
    </extension>
</addon>