[
	{
		"name": "comicextra",
		"lang": "en",
		"type": "hq",
		"priority": 3,
		"color": "ffffcf40",
		"search": {
			"request": {
				"url": "https://comicextra.me/search?keyword={query}&page={page}",
				"type": "get",
				"pagination": "true"
			},
			"rows": "dom.find_all('div', ('class','cartoon-box'))",	
			"title": "item('a', order=2)",
			"image": "item('img', attribute='src', order=1)",
			"plot": "'\\n'.join(x.strip() for x in item('div', order=4).split('\\n'))",
			"link": "item('a', attribute='href', order=2)"
		},
		"popular": {
			"request": {
				"url": "https://comicextra.me/popular-comic/{page}",
				"type": "get",
				"pagination": "true"
			},
			"rows": "dom.find_all('div', ('class','cartoon-box'))",	
			"title": "item('a', order=2)",
			"image": "item('img', attribute='src', order=1)",
			"plot": "item('div', order=4)",
			"link": "item('a', attribute='href', order=2)"
		},
		"chapters": {
			"request": {
				"type": "get"
			},
			"rows": "dom.find_once('table', ('class', 'table')).find_all('tr')",
			"title": "item('a', order=1)",
			"plot": "'\\n'.join(x.strip() for x in item('td', order=2).split('\\n'))",
			"link": "item('a', attribute='href', order=1) + '/full'",
			"reverse": "true"
		},
		"pages": {
			"request": {
				"type": "get"
			},
			"rows": "dom.find_once('div', ('class', 'chapter-container')).find_all('img')",
			"title": "item.attr['alt']",
			"link": "item.attr['src']",
			"reverse": "true"
		}
	},



	{
		"name": "mangaonline",
		"lang": "pt-BR",
		"type": "manga",
		"priority": 0,
		"color": "ff8b9dc3",
		"search": {
			"request": {
				"url": "https://mangaonline.biz/search/{query}",
				"type": "get"
			},
			"rows": "dom.find_all('div', ('id','archive-content'))",	
			"title": "item('a', order=2)",
			"image": "item('img', attribute='src', order=1)",
			"plot": "item('div', order=2)",
			"link": "item('a', attribute='href', order=2)"
		},
		"popular": {
			"request": {
				"url": "https://mangaonline.biz/mais-vistos/",
				"type": "get"
			},
			"rows": "dom.find_all('div', ('id','archive-content'))",
			"title": "item('a', order=2)",
			"image": "item('img', attribute='src', order=1)",
			"plot": "item('div', order=2)",
			"link": "'https://mangaonline.biz' + item('a', attribute='href', order=2)"
		},
		"chapters": {
			"request": {
				"type": "get"
			},
			"rows": "dom.find_once('ul', ('class', 'episodios')).find_all('li')",
			"title": "item('a', order=1)",
			"image": "dom.find_once('div', ('class','poster')).find_once('img').attr['src']",
			"plot": "item('a', order=1).split('/')[-1]",
			"link": "item('a', attribute='href', order=1)",
			"reverse": "true"
		},
		"pages": {
			"request": {
				"type": "get"
			},
			"rows": "dom.find_once('div', ('class', 'content')).find_all('img', ('loading', 'lazy'))",
			"title": "item.attr['src']",
			"mutate_title": "'{title}'.split('/')[-1]",
			"link": "item.attr['src']",
			"reverse": "false"
		}
	},



	{
		"name": "mangananquim",
		"lang": "pt-BR",
		"type": "manga",
		"priority": 0,
		"color": "ffbe9b7b",
		"search": {
			"request": {
				"url": "https://mangananquim.com/?s={query}&post_type=wp-manga",
				"type": "get"
			},
			"rows": "dom.find_once('div', ('class','c-tabs-item')).find_all('div', ('class','c-tabs-item__content'))",
			"title": "item('a', attribute='title', order=1)",
			"image": "item('img', attribute='src', order=1)",
			"plot": "",
			"link": "item('a', attribute='href', order=1) + 'ajax/chapters/'"
		},
		"popular": {
			"request": {
				"url": "https://mangananquim.com/page/{page}/?m_orderby=trending",
				"type": "get",
				"pagination": "true"
			},
			"rows": "dom.find_once('div', ('role','tabpanel')).find_all('div', ('class','page-item-detail'))",
			"title": "item('a', attribute='title', order=1)",
			"image": "item('img', attribute='src', order=1)",
			"plot": "item('a', select=('class','btn-link'), order=1)",
			"link": "item('a', attribute='href', order=1) + 'ajax/chapters/'"
		},
		"chapters": {
			"request": {
				"type": "post"
			},
			"rows": "dom.find_all('li', ('class','wp-manga-chapter'))",
			"title": "item('a', order=1)",
			"plot": "'adicionado em ' + item('i', order=1)",
			"link": "item('a', attribute='href', order=1) + '?style=list'",
			"reverse": "true"
		},
		"pages": {
			"request": {
				"type": "get"
			},
			"rows": "dom.find_once('div', ('class', 'reading-content')).find_all('img', ('class', 'wp-manga-chapter-img'))",
			"title": "item.attr['id']",
			"link": "item.attr['src']",
			"reverse": "false"
		}
	},



	{
		"name": "galaxiadosquadrinhos",
		"lang": "pt-BR",
		"type": "hq",
		"priority": 0,
		"color": "ff36802d",

		"search": {
			"request": {
				"url": "https://www.galaxiadosquadrinhos.com.br/feeds/posts/default?alt=json&max-results=200&q={query}&start-index={page}",
				"type": "get",
				"pagination": "true",
				"page_multiplier": "int(page)*200 - 199"
			},
			"type": "json",
			"exclude_title_with_words": "#|Ofertas - |Marvel Comics|POP Funko",
			"rows": "['feed']['entry']",
			"title": "['title']['$t']",
			"image": "['media$thumbnail']['url']",
			"plot": "",
			"link": "['link']",
			"mutate_link": "list(filter(lambda x: True if x['type'] == 'text/html' and x['rel']=='alternate' else False, {link}))[0]['href']"
		},
		"popular": {
			"request": {
				"url": "https://www.galaxiadosquadrinhos.com.br/feeds/posts/default?alt=json&max-results=200&start-index={page}",
				"type": "get",
				"pagination": "true",
				"page_multiplier": "int(page)*200 - 199"
			},
			"type": "json",
			"exclude_title_with_words": "#|Ofertas - |Marvel Comics|POP Funko",
			"rows": "['feed']['entry']",
			"title": "['title']['$t']",
			"image": "['media$thumbnail']['url']",
			"plot": "",
			"link": "['link']",
			"mutate_link": "list(filter(lambda x: True if x['type'] == 'text/html' and x['rel']=='alternate' else False, {link}))[0]['href']"
		},
		"chapters": {
			"request": {
				"type": "get"
			},
			"rows": "dom.find_once('div', ('class', 'post-body')).find_all('a', ('target','_blank'))",
			"title": "item('img', attribute='title', order=1)",
			"image": "item('img', attribute='src', order=1)",
			"plot": "",
			"link": "item.attr['href']",
			"reverse": "false"
		},
		"pages": {
			"request": {
				"type": "get"
			},
			"rows": "dom.find_once('div', ('class', 'post')).find_all('img')",
			"title": "item.attr['src']",
			"mutate_title": "'{title}'.split('/')[-1]",
			"link": "item.attr['src']",
			"mutate_link": "'/'.join(['https:'] + '{link}'.replace('http:/', '').replace('https:/', '').split('/'))",
			"reverse": "false"
		}
	},



	{
		"name": "xoxocomic",
		"lang": "en",
		"type": "hq",
		"priority": 1,
		"color": "ff008080",
		"search": {
			"request": {
				"url": "https://xoxocomic.com/search-comic?keyword={query}&page={page}",
				"type": "get",
				"pagination": "true"
			},
			"rows": "dom.find_once('div', ('class','row')).find_all('div', ('class','item'))",	
			"title": "item('a', attribute='title', order=1)",
			"image": "item('img', attribute='data-original', order=1)",
			"plot": "str(item.find('div', ('class','box_test')))",
			"link": "item('a', attribute='href', order=1) + '?page={page}'"
		},
		"popular": {
			"request": {
				"url": "https://xoxocomic.com/popular-comic?page={page}",
				"type": "get",
				"pagination": "true"
			},
			"rows": "dom.find_once('div', ('class','row')).find_all('div', ('class','item'))",	
			"title": "item('a', attribute='title', order=1)",
			"image": "item('img', attribute='data-original', order=1)",
			"plot": "item.find_once('div', ('class','box_test'))",
			"link": "item('a', attribute='href', order=1) + '?page={page}'"
		},
		"marvel": {
			"request": {
				"url": "https://xoxocomic.com/marvel-comic/popular?page={page}",
				"type": "get",
				"pagination": "true"
			},
			"rows": "dom.find_once('div', ('class','items')).find_once('div', ('class','row')).find_all('div', ('class','item'))",
			"title": "item('a', attribute='title', order=1)",
			"image": "item('img', attribute='data-original', order=1)",
			"plot": "item.find_once('div', ('class','box_test'))",
			"link": "item('a', attribute='href', order=1) + '?page={page}'"
		},
		"dc": {
			"request": {
				"url": "https://xoxocomic.com/dc-comics-comic/popular?page={page}",
				"type": "get",
				"pagination": "true"
			},
			"rows": "dom.find_once('div', ('class','items')).find_once('div', ('class','row')).find_all('div', ('class','item'))",
			"title": "item('a', attribute='title', order=1)",
			"image": "item('img', attribute='data-original', order=1)",
			"plot": "item.find_once('div', ('class','box_test'))",
			"link": "item('a', attribute='href', order=1) + '?page={page}'"
		},
		"darkhorse": {
			"request": {
				"url": "https://xoxocomic.com/dark-horse-comic/popular?page={page}",
				"type": "get",
				"pagination": "true"
			},
			"rows": "dom.find_once('div', ('class','items')).find_once('div', ('class','row')).find_all('div', ('class','item'))",
			"title": "item('a', attribute='title', order=1)",
			"image": "item('img', attribute='data-original', order=1)",
			"plot": "item.find_once('div', ('class','box_test'))",
			"link": "item('a', attribute='href', order=1) + '?page={page}'"
		},
		"chapters": {
			"request": {
				"type": "get",
				"pagination": "true"
			},
			"rows": "dom.find_once('div', ('class', 'list-chapter')).find_once('nav').find_once('ul').find_all('li', ('class','row'))",
			"title": "item('a', order=1)",
			"plot": "",
			"link": "item('a', attribute='href', order=1) + '/all'",
			"reverse": "false"
		},
		"pages": {
			"request": {
				"type": "get"
			},
			"rows": "dom.find_all('div', ('class','page-chapter'))",
			"title": "item('img', attribute='alt', order=1)",
			"link": "item('img', attribute='data-original', order=1)",
			"reverse": "false"
		}
	},



	{
		"name": "mangapill",
		"lang": "en",
		"type": "manga",
		"priority": 2,
		"color": "ff536878",
		"enabled": "true",
		"search": {
			"request": {
				"url": "https://mangapill.com/search?q={query}&type=&status=",
				"type": "get"
			},
			"rows": "dom.find_all('a', ('class','relative'))",
			"title": "item.attr['href']",
			"mutate_title": "'{title}'.split('/')[-1].replace('-',' ')",
			"image": "item('img', attribute='data-src', order=1) + '|referer=%s' % quote('https://mangapill.com/')",
			"link": "'https://mangapill.com' + item.attr['href']"
		},
		"popular": {
			"request": {
				"url": "https://mangapill.com/",
				"type": "get"
			},
			"rows": "dom.find_once('div', ('class','lg:grid-cols-5'), order=2).find_all('a', ('class','relative'))",
			"title": "item.attr['href']",
			"mutate_title": "'{title}'.split('/')[-1].replace('-',' ')",
			"image": "item('img', attribute='data-src', order=1) + '|referer=%s' % quote('https://mangapill.com/')",
			"link": "'https://mangapill.com' + item.attr['href']"
		},
		"chapters": {
			"request": {
				"type": "get"
			},
			"rows": "dom.find_all('a', ('class','border'))",
			"title": "item.text()",
			"plot": "",
			"link": "'https://mangapill.com' + item.attr['href']",
			"reverse": "true"
		},
		"pages": {
			"request": {
				"type": "get",
				"headers": {
					"referer": "https://mangapill.com/",
					"sec-fetch-mode": "no-cors",
					"sec-fetch-site": "cross-site",
					"user-agent": "Mozilla/5.0 (X11; Linux x86_64) AppleWebKit/537.36 (KHTML, like Gecko) Chrome/97.0.4692.99 Safari/537.36"
				}
			},
			"rows": "dom.find_all('chapter-page')",
			"title": "item.find_once('div', ('class','text-sm')).text()",
			"link": "item('img', attribute='data-src', order=1) + '|referer=%s' % quote('https://mangapill.com/')",
			"reverse": "false"
		}
	},



	{
		"name": "readcomics",
		"lang": "en",
		"type": "hq",
		"priority": 1,
		"color": "ffe8702a",
		"search": {
			"request": {
				"url": "https://readcomics.top/advanced-search?key={query}&page={page}",
				"type": "get",
				"pagination": "true"
			},
			"rows": "dom.find_once('div', ('class','detailed-list')).find_all('div', ('class','dl-box'))",	
			"title": "item('a', order=2)",
			"image": "item('img', attribute='src', order=1)",
			"plot": "",
			"link": "item('a', attribute='href', order=2)"
		},
		"popular": {
			"request": {
				"url": "https://readcomics.top/popular-comics?page={page}",
				"type": "get",
				"pagination": "true"
			},
			"rows": "dom.find_once('div', ('class','eg-list')).find_all('div', ('class','eg-box'))",	
			"title": "item('a', order=2)",
			"image": "item('img', attribute='src', order=1)",
			"plot": "",
			"link": "item('a', attribute='href', order=2)"
		},
		"marvel": {
			"request": {
				"url": "https://readcomics.top/genre/marvel?page={page}",
				"type": "get",
				"pagination": "true"
			},
			"rows": "dom.find_once('div', ('class','image-genre-list')).find_all('div', ('class','ig-grid'))",
			"title": "item('a', order=2)",
			"image": "item('img', attribute='src', order=1)",
			"plot": "",
			"link": "item('a', attribute='href', order=2)"
		},
		"dc": {
			"request": {
				"url": "https://readcomics.top/genre/dc-comics?page={page}",
				"type": "get",
				"pagination": "true"
			},
			"rows": "dom.find_once('div', ('class','image-genre-list')).find_all('div', ('class','ig-grid'))",
			"title": "item('a', order=2)",
			"image": "item('img', attribute='src', order=1)",
			"plot": "",
			"link": "item('a', attribute='href', order=2)"
		},
		"chapters": {
			"request": {
				"type": "get"
			},
			"rows": "dom.find_once('ul', ('class', 'basic-list')).find_all('li')",
			"title": "item('a', order=1)",
			"image": "dom.find_once('div', ('class', 'anime-details')).find_once('img').attr['src']",
			"link": "item('a', attribute='href', order=1) + '/full'",
			"reverse": "true"
		},
		"pages": {
			"request": {
				"type": "get"
			},
			"rows": "dom.find_once('div', ('class', 'chapter-container')).find_all('img')",
			"title": "item.attr['alt']",
			"link": "item.attr['src']",
			"reverse": "true"
		}
	},



	{
		"name": "mangadex",
		"lang": "pt-BR",
		"type": "manga",
		"priority": 1,
		"color": "ff0078ff",
		"enabled": "true",
		"search": {
			"request": {
				"url": "https://api.mangadex.org/manga?title={query}&limit=10&includes[]=cover_art&offset={page}&availableTranslatedLanguage[]=pt-br",
				"type": "get",
				"pagination": "true",
				"page_multiplier": "10 * (int(page) - 1)"
			},
			"type": "json",
			"rows": "['data']",
			"title": "['attributes']['title']['en']",
			"image": "['relationships']",
			"image_auxiliar": "['id']",
			"mutate_image": "list(filter(lambda x: True if x['type'] == 'cover_art' else False, {image}))[0]['attributes']['fileName']",
			"mutate_image2": "'https://uploads.mangadex.org/covers/%s/%s' % ({image_auxiliar}, {image})",
			"link": "['id']",
			"mutate_link": "'https://api.mangadex.org/chapter?manga=%s&limit=100&offset={page}&translatedLanguage[]=pt-br' % {link}"
		},
		"chapters": {
			"request": {
				"type": "get",
				"pagination": "true",
				"page_multiplier": "100 * (int(page) - 1)"
			},
			"type": "json",
			"rows": "['data']",
			"title": "['attributes']['title']",
			"mutate_title": "'%s (volume %s - capítulo %s)' % ({title}, item['attributes']['volume'], item['attributes']['chapter'])",
			"link": "['id']",
			"mutate_link": "'https://api.mangadex.org/at-home/server/%s' % {link}",
			"reverse": "false"
		},
		"pages": {
			"request": {
				"type": "get"
			},
			"type": "json",
			"rows": "['chapter']['dataSaver']",
			"title": "",
			"mutate_title": "{title}.split('-')[0]",
			"link": "",
			"mutate_link": "resp.json()['baseUrl'] + '/data-saver/' + resp.json()['chapter']['hash'] + '/' + {link}",
			"reverse": "false"
		}
	}


]